{"cameraMode":{"drawMode":0,"name":"Shaded","section":"Shading Mode"},"sceneLighting":true,"audioPlay":false,"sceneViewState":{"m_AlwaysRefresh":false,"showFog":true,"showSkybox":true,"showFlares":true,"showImageEffects":true,"showParticleSystems":true,"showVisualEffectGraphs":true,"m_FxEnabled":true},"in2DMode":false,"pivot":{"x":7.93126106262207,"y":-2.0640532970428469,"z":5.426616191864014},"rotation":{"x":0.42613184452056887,"y":0.05233157053589821,"z":-0.024696527048945428,"w":0.9028158187866211},"size":3.2737369537353517,"orthographic":false}