{"cameraMode":{"drawMode":0,"name":"Shaded","section":"Shading Mode"},"sceneLighting":true,"audioPlay":false,"sceneViewState":{"m_AlwaysRefresh":false,"showFog":true,"showSkybox":true,"showFlares":true,"showImageEffects":true,"showParticleSystems":true,"showVisualEffectGraphs":true,"m_FxEnabled":true},"in2DMode":false,"pivot":{"x":-0.25818848609924319,"y":2.10312819480896,"z":0.8667799830436707},"rotation":{"x":0.05998269468545914,"y":0.6179236173629761,"z":-0.04736045375466347,"w":0.7825267314910889},"size":1.301076054573059,"orthographic":true}