{"cameraMode":{"drawMode":0,"name":"Shaded","section":"Shading Mode"},"sceneLighting":false,"audioPlay":false,"sceneViewState":{"m_AlwaysRefresh":false,"showFog":true,"showSkybox":false,"showFlares":true,"showImageEffects":true,"showParticleSystems":true,"showVisualEffectGraphs":true,"m_FxEnabled":true},"in2DMode":false,"pivot":{"x":-0.0006085634231567383,"y":-0.00860799290239811,"z":-0.22971805930137635},"rotation":{"x":-0.0035999200772494079,"y":-0.005999926012009382,"z":-0.000021599615138256922,"w":0.9999759793281555},"size":0.3886644244194031,"orthographic":false}